"null","alt","lr","df","blrt_p","samples"
"mix1","mix2",421.233643742685,5,0,20
"mix2","mix3",160.031935739323,5,0,20
"mix3","mix4",70.1913899054475,5,0,20
"mix4","mix5",7.76605689139615,5,0.3,20
