"LL_baseline","LL_restricted","LL_dif","df","p"
5289.16715188601,5306.30791245732,17.1407605713075,3,0.000661159117197229
