"Hypothesis","df","chisq","p"
"Mean i",2,467.856962353796,2.54771864189546e-102
"Mean step",2,69.3473812044565,8.73790873335339e-16
"Mean slope",2,13.4467115558838,0.00120249612560228
