"Hypothesis","df","chisq","p"
"Mean i",2,628.384912034149,3.53142588604586e-137
"Mean step",2,65.3153433650827,6.56074860046178e-15
"Mean slope",2,13.02788510432,0.00148262286717853
