"Name","Classes","LL","n","Parameters","AIC","BIC","saBIC","Entropy","prob_min","prob_max","n_min","n_max","np_ratio","np_local"
"1",4,-1916.25349072508,513,23,3878.50698145017,3976.0333258891,3903.02758206743,0.754865828099863,0.814211637697702,0.915192606341117,0.155945419103314,0.34307992202729,22.304347826087,16
"2",4,-1909.2321078206,513,35,3888.4642156412,4036.87387022218,3925.77817310225,0.781634402504148,0.844596006404106,0.921038465546032,0.159844054580897,0.315789473684211,14.6571428571429,10.25
