"Name","Classes","LL","n","Parameters","AIC","BIC","saBIC","Entropy","prob_min","prob_max","n_min","n_max","np_ratio","np_local"
"1",4,-1916.25349072508,513,23,3878.50698145016,3976.03332588909,3903.02758206743,0.754865828108636,0.814211637659866,0.915192606433238,0.155945419103314,0.34307992202729,22.304347826087,16
"2",4,-1909.23210654609,513,35,3888.46421309219,4036.87386767317,3925.77817055324,0.781637903067818,0.844596657227446,0.921039012715855,0.159844054580897,0.315789473684211,14.6571428571429,10.25
