"null","alt","lr","df","p","w2","p_w2"
"mix1","mix2",10.2464438439109,5,2.22044604925031e-16,0.823611527915156,5.85306825229281e-09
"mix2","mix3",5.30478688025798,5,5.64023546501713e-08,0.443506591587362,4.96268648397802e-07
"mix3","mix4",4.14050800555216,5,0.0000173268757015817,0.140049986308211,0.000240382930704219
"mix4","mix5",0.884265341638545,5,0.188276496443448,0.0375888095961889,0.0000140769021026999
