"null","alt","lr","df","p","w2","p_w2"
"mix1","mix2",10.2464439268374,5,2.22044604925031e-16,0.823611514583856,5.84812787085554e-09
"mix2","mix3",5.30478688025798,5,5.64023546501713e-08,0.443506591587362,4.96286678919322e-07
"mix3","mix4",4.14050800643709,5,0.0000173268756347343,0.140049986248345,0.000239970237812082
"mix4","mix5",0.884265341551457,5,0.188276496466948,0.0375888096035959,0.0000140755036172058
