"Name","Classes","LL","n","Parameters","AIC","BIC","saBIC","Entropy","prob_min","prob_max","n_min","n_max","np_ratio","np_local"
"fixed_covs",2,-1118.54167219219,200,14,2265.08334438438,2311.25978751605,2266.90633852312,0.930496775329907,0.960663626320166,0.994273727743174,0.295,0.705,14.2857142857143,9.07692307692308
"free_covs",2,-1117.96742315823,200,17,2269.93484631646,2326.00624154778,2272.14848205636,0.935358158901236,0.968027315981753,0.993110014813573,0.295,0.705,11.7647058823529,7.375
