"class","count","proportion"
"class1",139.415140351965,0.697075701759823
"class2",60.5848596480353,0.302924298240177
