"comparison","null","alt","null_srsm","alt_srsm","srmr_lb","srmr_ub","sig"
"dif_seq","equal var 1","equal var 2",0.469206416435565,0.0690067871463913,-0.459109563990238,-0.328146462336493,"*"
"dif_seq","equal var 2","equal var 3",0.0690067871463913,0.0569509904443733,-0.0586921622567508,0.0355364597993429,""
"dif_one","equal var 1","equal var 2",0.469206416435565,0.0690067871463913,-0.459109563990238,-0.328146462336493,"*"
"dif_one","equal var 1","equal var 3",0.469206416435565,0.0569509904443733,-0.472934128900805,-0.351118051076581,"*"
