"Variable","Category","Probability","group"
"X4",1,0.10825289641154,"class1"
"X4",2,0.705253728746756,"class1"
"X4",3,0.186493374841703,"class1"
"X4",1,0.741239767190842,"class2"
"X4",2,0.258760232808592,"class2"
"X4",3,5.66324764861292e-13,"class2"
